id;label;images;created_at;updated_at
1;attribute soap distorted;before lead;2024-08-21T06:52:37;2024-08-20T22:07:00
2;abnormally;wash loudly;2024-08-20T09:42:36;2024-08-21T05:17:02
3;future;outweigh pish dwindle;2024-08-21T09:19:37;2024-08-20T18:13:16
4;continually;furthermore lazily;2024-08-21T01:07:50;2024-08-21T07:21:06
5;maintain for questioningly;psst;2024-08-21T07:53:38;2024-08-21T03:53:46
6;barring hose gladly;scorn yum;2024-08-20T16:02:24;2024-08-21T00:44:40
7;ugh honey unaccountably;doodle;2024-08-21T07:49:17;2024-08-20T09:50:22
8;expert gavel;knowledgeable whose;2024-08-20T15:10:16;2024-08-20T15:35:44
9;rudely red truthfully;aha;2024-08-20T22:21:47;2024-08-20T23:43:28
10;along blind downgrade;boohoo;2024-08-20T16:02:06;2024-08-20T20:53:19
