id;title;description;logo
1;dapper which;blast;furthermore
2;unimpressively so notwithstanding;and generously;yahoo what
3;finisher honestly harden;thoughtful unselfish how;yowza ejector
4;boldly tippex essential;yowza convection;woot which engineering
5;upon why shyly;furthermore temporise;flower indeed aha
6;curtail round;actually times;intentionality anenst
7;finally mapping faithful;old;while
8;whether nutritious aside;than silently victorious;crinkle as hearten
9;down emanate ha;forceful however bulk;inasmuch
10;quicker madly;concerning despite;a
