id;ident;content;is_read;created_at;updated_at
1;yuck;sprout near absent;false;2024-08-18T11:05:21;2024-08-18T04:52:13
2;lout without ugh;suddenly inside loosely;true;2024-08-18T04:36:02;2024-08-18T16:37:45
3;tattoo intercut organisation;nearly including effective;false;2024-08-18T04:48:29;2024-08-18T06:45:03
4;yet;neighbour but;false;2024-08-18T07:18:08;2024-08-18T23:23:32
5;pricey lest underneath;spherical how lest;false;2024-08-18T05:45:07;2024-08-18T23:47:57
6;upright yippee;until spirited far-off;false;2024-08-18T09:00:05;2024-08-18T08:31:23
7;grouchy prestigious sure-footed;lest at;false;2024-08-18T06:16:44;2024-08-18T12:49:58
8;cheerfully latte hog;successfully;true;2024-08-18T07:35:56;2024-08-18T20:50:30
9;ladle;through dishwasher;false;2024-08-18T15:41:18;2024-08-18T04:00:22
10;through since;mid trick;true;2024-08-18T01:50:36;2024-08-18T16:27:33
