id;title;description;website_url;is_active
1;wrongly killing;shady;fervently;true
2;jealous now;but;victoriously;true
3;gherkin impossible obvious;quarrelsomely absent;finally briskly;true
4;kindly monumental excepting;awkwardly until e-reader;upon;false
5;hence;arm-rest;likewise properly;false
6;rob yummy;for darn;yahoo gah;true
7;whose instantly now;few;defiantly opposite yet;true
8;among;opposite times amongst;toil;false
9;ranch;if sustainment;aha;false
10;abaft closed boo;fatal;finally ouch;true
